5000.0000,5000.0000,90.0000,0.0000,0.0000,0.0000,0.0000,0.0000,0.0000
5000.0000,5000.2190,90.0000,0.0000,0.2190,0.0000,0.0000,0.0873,0.0873
5000.0000,5000.6571,90.0000,0.0000,0.6571,0.0000,0.0000,0.1745,0.1745
5000.0000,5001.3142,90.0000,0.0000,1.3142,0.0000,0.0000,0.2618,0.2618
5000.0000,5002.1904,90.0000,0.0000,2.1904,0.0000,0.0000,0.3491,0.3491
5000.0000,5003.2856,90.0000,0.0000,3.2856,0.0000,0.0000,0.4363,0.4363
5000.0000,5004.5998,90.0000,0.0000,4.5998,0.0000,0.0000,0.5236,0.5236
5000.0000,5006.1331,90.0000,0.0000,6.1331,0.0000,0.0000,0.6109,0.6109
5000.0000,5007.8854,90.0000,0.0000,7.8854,0.0000,0.0000,0.6981,0.6981
5000.0000,5009.8567,90.0000,0.0000,9.8567,0.0000,0.0000,0.7854,0.7854
5000.0000,5012.0471,90.0000,0.0000,12.0471,0.0000,0.0000,0.8727,0.8727
5000.0000,5014.4566,90.0000,0.0000,14.4566,0.0000,0.0000,0.9599,0.9599
5000.0000,5017.0850,90.0000,0.0000,17.0850,0.0000,0.0000,1.0472,1.0472
5000.0000,5019.9325,90.0000,0.0000,19.9325,0.0000,0.0000,1.1345,1.1345
5000.0000,5022.9991,90.0000,0.0000,22.9991,0.0000,0.0000,1.2217,1.2217
5000.0000,5026.2847,90.0000,0.0000,26.2847,0.0000,0.0000,1.3090,1.3090
5000.0000,5029.7893,90.0000,0.0000,29.7893,0.0000,0.0000,1.3963,1.3963
5000.0000,5033.5129,90.0000,0.0000,33.5129,0.0000,0.0000,1.4835,1.4835
5000.0000,5037.4556,90.0000,0.0000,37.4556,0.0000,0.0000,1.5708,1.5708
5000.0000,5041.6174,90.0000,0.0000,41.6174,0.0000,0.0000,1.6581,1.6581
5000.0000,5045.9982,90.0000,0.0000,45.9982,0.0000,0.0000,1.7453,1.7453
5000.0000,5050.5980,90.0000,0.0000,50.5980,0.0000,0.0000,1.8326,1.8326
5000.0000,5055.4168,90.0000,0.0000,55.4168,0.0000,0.0000,1.9199,1.9199
5000.0000,5060.4547,90.0000,0.0000,60.4547,0.0000,0.0000,2.0071,2.0071
5000.0000,5065.7116,90.0000,0.0000,65.7116,0.0000,0.0000,2.0944,2.0944
5000.0000,5071.1876,90.0000,0.0000,71.1876,0.0000,0.0000,2.1817,2.1817
5000.0000,5076.8826,90.0000,0.0000,76.8826,0.0000,0.0000,2.2689,2.2689
5000.0000,5082.7967,90.0000,0.0000,82.7967,0.0000,0.0000,2.3562,2.3562
5000.0000,5088.9298,90.0000,0.0000,88.9298,0.0000,0.0000,2.4435,2.4435
5000.0000,5095.2819,90.0000,0.0000,95.2819,0.0000,0.0000,2.5307,2.5307
5000.0000,5101.8531,90.0000,0.0000,101.8531,0.0000,0.0000,2.6180,2.6180
5000.0000,5108.6433,90.0000,0.0000,108.6433,0.0000,0.0000,2.7053,2.7053
5000.0000,5115.6525,90.0000,0.0000,115.6525,0.0000,0.0000,2.7925,2.7925
5000.0000,5122.8808,90.0000,0.0000,122.8808,0.0000,0.0000,2.8798,2.8798
5000.0000,5130.3281,90.0000,0.0000,130.3281,0.0000,0.0000,2.9671,2.9671
5000.0000,5137.9945,90.0000,0.0000,137.9945,0.0000,0.0000,3.0543,3.0543
5000.0000,5145.8799,90.0000,0.0000,145.8799,0.0000,0.0000,3.1416,3.1416
5000.0000,5153.9843,90.0000,0.0000,153.9843,0.0000,0.0000,3.2289,3.2289
5000.0000,5162.3078,90.0000,0.0000,162.3078,0.0000,0.0000,3.3161,3.3161
5000.0000,5170.8503,90.0000,0.0000,170.8503,0.0000,0.0000,3.4034,3.4034
5000.0000,5179.6118,90.0000,0.0000,179.6118,0.0000,0.0000,3.4907,3.4907
5000.0000,5188.5924,90.0000,0.0000,188.5924,0.0000,0.0000,3.5779,3.5779
5000.0000,5197.7921,90.0000,0.0000,197.7921,0.0000,0.0000,3.6652,3.6652
5000.0000,5207.2107,90.0000,0.0000,207.2107,0.0000,0.0000,3.7525,3.7525
5000.0000,5216.8484,90.0000,0.0000,216.8484,0.0000,0.0000,3.8397,3.8397
5000.0000,5226.7052,90.0000,0.0000,226.7052,0.0000,0.0000,3.9270,3.9270
5000.0000,5236.7810,90.0000,0.0000,236.7810,0.0000,0.0000,4.0143,4.0143
5000.0000,5247.0758,90.0000,0.0000,247.0758,0.0000,0.0000,4.1015,4.1015
5000.0000,5257.5897,90.0000,0.0000,257.5897,0.0000,0.0000,4.1888,4.1888
5000.0000,5268.3226,90.0000,0.0000,268.3226,0.0000,0.0000,4.2761,4.2761
5000.0000,5279.2745,90.0000,0.0000,279.2745,0.0000,0.0000,4.3633,4.3633
5000.0000,5290.4455,90.0000,0.0000,290.4455,0.0000,0.0000,4.4506,4.4506
5000.0000,5301.8355,90.0000,0.0000,301.8355,0.0000,0.0000,4.5379,4.5379
5000.0000,5313.4446,90.0000,0.0000,313.4446,0.0000,0.0000,4.6251,4.6251
5000.0000,5325.2726,90.0000,0.0000,325.2726,0.0000,0.0000,4.7124,4.7124
5000.0000,5337.3198,90.0000,0.0000,337.3198,0.0000,0.0000,4.7997,4.7997
5000.0000,5349.5860,90.0000,0.0000,349.5860,0.0000,0.0000,4.8869,4.8869
5000.0000,5362.0712,90.0000,0.0000,362.0712,0.0000,0.0000,4.9742,4.9742
5000.0000,5374.7754,90.0000,0.0000,374.7754,0.0000,0.0000,5.0615,5.0615
5000.0000,5387.6987,90.0000,0.0000,387.6987,0.0000,0.0000,5.1487,5.1487
5000.0000,5400.8410,90.0000,0.0000,400.8410,0.0000,0.0000,5.2360,5.2360
5000.0000,5414.2024,90.0000,0.0000,414.2024,0.0000,0.0000,5.3233,5.3233
5000.0000,5427.7828,90.0000,0.0000,427.7828,0.0000,0.0000,5.4105,5.4105
5000.0000,5441.5823,90.0000,0.0000,441.5823,0.0000,0.0000,5.4978,5.4978
5000.0000,5455.6007,90.0000,0.0000,455.6007,0.0000,0.0000,5.5851,5.5851
5000.0000,5469.8383,90.0000,0.0000,469.8383,0.0000,0.0000,5.6723,5.6723
5000.0000,5484.2948,90.0000,0.0000,484.2948,0.0000,0.0000,5.7596,5.7596
5000.0000,5498.9704,90.0000,0.0000,498.9704,0.0000,0.0000,5.8469,5.8469
5000.0000,5513.8651,90.0000,0.0000,513.8651,0.0000,0.0000,5.9341,5.9341
5000.0000,5528.9788,90.0000,0.0000,528.9788,0.0000,0.0000,6.0214,6.0214
5000.0000,5544.3115,90.0000,0.0000,544.3115,0.0000,0.0000,6.1087,6.1087
5000.0000,5559.8632,90.0000,0.0000,559.8632,0.0000,0.0000,6.1959,6.1959
5000.0000,5575.6340,90.0000,0.0000,575.6340,0.0000,0.0000,6.2832,6.2832
5000.0000,5591.6239,90.0000,0.0000,591.6239,0.0000,0.0000,6.3705,6.3705
5000.0000,5607.8327,90.0000,0.0000,607.8327,0.0000,0.0000,6.4577,6.4577
5000.0000,5624.2606,90.0000,0.0000,624.2606,0.0000,0.0000,6.5450,6.5450
5000.0000,5640.9076,90.0000,0.0000,640.9076,0.0000,0.0000,6.6323,6.6323
5000.0000,5657.7736,90.0000,0.0000,657.7736,0.0000,0.0000,6.7195,6.7195
5000.0000,5674.8586,90.0000,0.0000,674.8586,0.0000,0.0000,6.8068,6.8068
5000.0000,5692.1627,90.0000,0.0000,692.1627,0.0000,0.0000,6.8941,6.8941
5000.0000,5709.6858,90.0000,0.0000,709.6858,0.0000,0.0000,6.9813,6.9813
5000.0000,5727.4279,90.0000,0.0000,727.4279,0.0000,0.0000,7.0686,7.0686
5000.0000,5745.3891,90.0000,0.0000,745.3891,0.0000,0.0000,7.1558,7.1558
5000.0000,5763.5693,90.0000,0.0000,763.5693,0.0000,0.0000,7.2431,7.2431
5000.0000,5781.9686,90.0000,0.0000,781.9686,0.0000,0.0000,7.3304,7.3304
5000.0000,5800.5869,90.0000,0.0000,800.5869,0.0000,0.0000,7.4176,7.4176
5000.0000,5819.4242,90.0000,0.0000,819.4242,0.0000,0.0000,7.5049,7.5049
5000.0000,5838.4806,90.0000,0.0000,838.4806,0.0000,0.0000,7.5922,7.5922
5000.0000,5857.7560,90.0000,0.0000,857.7560,0.0000,0.0000,7.6794,7.6794
5000.0000,5877.2505,90.0000,0.0000,877.2505,0.0000,0.0000,7.7667,7.7667
5000.0000,5896.9640,90.0000,0.0000,896.9640,0.0000,0.0000,7.8540,7.8540
5000.0000,5916.8965,90.0000,0.0000,916.8965,0.0000,0.0000,7.9412,7.9412
5000.0000,5937.0481,90.0000,0.0000,937.0481,0.0000,0.0000,8.0285,8.0285
5000.0000,5957.4187,90.0000,0.0000,957.4187,0.0000,0.0000,8.1158,8.1158
5000.0000,5978.0083,90.0000,0.0000,978.0083,0.0000,0.0000,8.2030,8.2030
5000.0000,5998.8170,90.0000,0.0000,998.8170,0.0000,0.0000,8.2903,8.2903
5000.0000,6019.8448,90.0000,0.0000,1019.8448,0.0000,0.0000,8.3776,8.3776
5000.0000,6041.0915,90.0000,0.0000,1041.0915,0.0000,0.0000,8.4648,8.4648
5000.0000,6062.5573,90.0000,0.0000,1062.5573,0.0000,0.0000,8.5521,8.5521
5000.0000,6084.2422,90.0000,0.0000,1084.2422,0.0000,0.0000,8.6394,8.6394
5000.0000,6106.1460,90.0000,0.0000,1106.1460,0.0000,0.0000,8.7266,8.7266
5000.0000,6127.9185,89.9811,0.0000,1127.9185,-0.0003,0.0331,8.7092,8.6394
5000.0072,6149.5595,89.9432,0.0072,1149.5595,-0.0010,0.0661,8.6917,8.5521
5000.0285,6171.0691,89.8863,0.0285,1171.0691,-0.0020,0.0992,8.6743,8.4648
5000.0709,6192.4473,89.8106,0.0709,1192.4473,-0.0033,0.1322,8.6568,8.3776
5000.1411,6213.6939,89.7158,0.1411,1213.6939,-0.0050,0.1653,8.6394,8.2903
5000.2459,6234.8090,89.6022,0.2459,1234.8090,-0.0069,0.1984,8.6219,8.2030
5000.3916,6255.7924,89.4696,0.3916,1255.7924,-0.0093,0.2314,8.6045,8.1158
5000.5846,6276.6440,89.3180,0.5846,1276.6440,-0.0119,0.2645,8.5870,8.0285
5000.8312,6297.3636,89.1475,0.8312,1297.3636,-0.0149,0.2976,8.5696,7.9412
5001.1375,6317.9510,88.9581,1.1375,1317.9510,-0.0182,0.3306,8.5521,7.8540
5001.5095,6338.4059,88.7497,1.5095,1338.4059,-0.0218,0.3637,8.5347,7.7667
5001.9531,6358.7278,88.5224,1.9531,1358.7278,-0.0258,0.3967,8.5172,7.6794
5002.4738,6378.9165,88.2762,2.4738,1378.9165,-0.0301,0.4298,8.4998,7.5922
5003.0774,6398.9714,88.0109,3.0774,1398.9714,-0.0347,0.4629,8.4823,7.5049
5003.7692,6418.8919,87.7268,3.7692,1418.8919,-0.0397,0.4959,8.4648,7.4176
5004.5546,6438.6774,87.4237,4.5546,1438.6774,-0.0450,0.5290,8.4474,7.3304
5005.4388,6458.3272,87.1017,5.4388,1458.3272,-0.0506,0.5621,8.4299,7.2431
5006.4267,6477.8405,86.7607,6.4267,1477.8405,-0.0565,0.5951,8.4125,7.1558
5007.5233,6497.2163,86.4008,7.5233,1497.2163,-0.0628,0.6282,8.3950,7.0686
5008.7334,6516.4537,86.0219,8.7334,1516.4537,-0.0694,0.6612,8.3776,6.9813
5010.0615,6535.5516,85.6241,10.0615,1535.5516,-0.0764,0.6943,8.3601,6.8941
5011.5122,6554.5087,85.2073,11.5122,1554.5087,-0.0836,0.7274,8.3427,6.8068
5013.0897,6573.3239,84.7716,13.0897,1573.3239,-0.0913,0.7604,8.3252,6.7195
5014.7983,6591.9956,84.3170,14.7983,1591.9956,-0.0992,0.7935,8.3078,6.6323
5016.6420,6610.5224,83.8434,16.6420,1610.5224,-0.1075,0.8266,8.2903,6.5450
5018.6246,6628.9026,83.3509,18.6246,1628.9026,-0.1160,0.8596,8.2729,6.4577
5020.7500,6647.1346,82.8394,20.7500,1647.1346,-0.1250,0.8927,8.2554,6.3705
5023.0216,6665.2165,82.3090,23.0216,1665.2165,-0.1342,0.9257,8.2380,6.2832
5025.4430,6683.1463,81.7596,25.4430,1683.1463,-0.1438,0.9588,8.2205,6.1959
5028.0173,6700.9221,81.1913,28.0173,1700.9221,-0.1537,0.9919,8.2030,6.1087
5030.7476,6718.5415,80.6041,30.7476,1718.5415,-0.1640,1.0249,8.1856,6.0214
5033.6370,6736.0024,79.9979,33.6370,1736.0024,-0.1746,1.0580,8.1681,5.9341
5036.6881,6753.3024,79.3728,36.6881,1753.3024,-0.1855,1.0911,8.1507,5.8469
5039.9035,6770.4388,78.7287,39.9035,1770.4388,-0.1967,1.1241,8.1332,5.7596
5043.2857,6787.4091,78.0657,43.2857,1787.4091,-0.2083,1.1572,8.1158,5.6723
5046.8368,6804.2106,77.3837,46.8368,1804.2106,-0.2202,1.1902,8.0983,5.5851
5050.5590,6820.8403,76.6828,50.5590,1820.8403,-0.2324,1.2233,8.0809,5.4978
5054.4540,6837.2954,75.9629,54.4540,1837.2954,-0.2450,1.2564,8.0634,5.4105
5058.5236,6853.5728,75.2242,58.5236,1853.5728,-0.2579,1.2894,8.0460,5.3233
5062.7692,6869.6692,74.4664,62.7692,1869.6692,-0.2711,1.3225,8.0285,5.2360
5067.1921,6885.5815,73.6897,67.1921,1885.5815,-0.2847,1.3556,8.0111,5.1487
5071.7934,6901.3062,72.8941,71.7934,1901.3062,-0.2986,1.3886,7.9936,5.0615
5076.5740,6916.8399,72.0795,76.5740,1916.8399,-0.3128,1.4217,7.9762,4.9742
5081.5344,6932.1791,71.2460,81.5344,1932.1791,-0.3273,1.4547,7.9587,4.8869
5086.6752,6947.3200,70.3936,86.6752,1947.3200,-0.3422,1.4878,7.9412,4.7997
5091.9966,6962.2589,69.5222,91.9966,1962.2589,-0.3574,1.5209,7.9238,4.7124
5097.4986,6976.9921,68.6318,97.4986,1976.9921,-0.3729,1.5539,7.9063,4.6251
5103.1810,6991.5156,67.7226,103.1810,1991.5156,-0.3888,1.5870,7.8889,4.5379
5109.0433,7005.8254,66.7943,109.0433,2005.8254,-0.4050,1.6201,7.8714,4.4506
5115.0849,7019.9177,65.8472,115.0849,2019.9177,-0.4215,1.6531,7.8540,4.3633
5121.3049,7033.7882,64.8811,121.3049,2033.7882,-0.4384,1.6862,7.8365,4.2761
5127.7020,7047.4329,63.8960,127.7020,2047.4329,-0.4556,1.7192,7.8191,4.1888
5134.2750,7060.8476,62.8920,134.2750,2060.8476,-0.4731,1.7523,7.8016,4.1015
5141.0221,7074.0281,61.8691,141.0221,2074.0281,-0.4910,1.7854,7.7842,4.0143
5147.9414,7086.9701,60.8272,147.9414,2086.9701,-0.5092,1.8184,7.7667,3.9270
5155.0309,7099.6694,59.7663,155.0309,2099.6694,-0.5277,1.8515,7.7493,3.8397
5162.2882,7112.1217,58.6866,162.2882,2112.1217,-0.5465,1.8846,7.7318,3.7525
5169.7104,7124.3227,57.5878,169.7104,2124.3227,-0.5657,1.9176,7.7144,3.6652
5177.2949,7136.2683,56.4702,177.2949,2136.2683,-0.5852,1.9507,7.6969,3.5779
5185.0383,7147.9541,55.3336,185.0383,2147.9541,-0.6050,1.9837,7.6794,3.4907
5192.9372,7159.3759,54.1780,192.9372,2159.3759,-0.6252,2.0168,7.6620,3.4034
5200.9879,7170.5295,53.0035,200.9879,2170.5295,-0.6457,2.0499,7.6445,3.3161
5209.1865,7181.4108,51.8101,209.1865,2181.4108,-0.6665,2.0829,7.6271,3.2289
5217.5287,7192.0157,50.5977,217.5287,2192.0157,-0.6877,2.1160,7.6096,3.1416
5226.0100,7202.3401,49.3664,226.0100,2202.3401,-0.7092,2.1491,7.5922,3.0543
5234.6256,7212.3802,48.1162,234.6256,2212.3802,-0.7310,2.1821,7.5747,2.9671
5243.3705,7222.1320,46.8469,243.3705,2222.1320,-0.7532,2.2152,7.5573,2.8798
5252.2393,7231.5919,45.5588,252.2393,2231.5919,-0.7756,2.2482,7.5398,2.7925
5261.2265,7240.7562,44.2517,261.2265,2240.7562,-0.7985,2.2813,7.5224,2.7053
5270.3264,7249.6214,42.9257,270.3264,2249.6214,-0.8216,2.3144,7.5049,2.6180
5279.5327,7258.1841,41.5807,279.5327,2258.1841,-0.8451,2.3474,7.4875,2.5307
5288.8391,7266.4411,40.2168,288.8391,2266.4411,-0.8689,2.3805,7.4700,2.4435
5298.2391,7274.3894,38.8339,298.2391,2274.3894,-0.8930,2.4136,7.4526,2.3562
5307.7258,7282.0262,37.4321,307.7258,2282.0262,-0.9175,2.4466,7.4351,2.2689
5317.2921,7289.3487,36.0113,317.2921,2289.3487,-0.9423,2.4797,7.4176,2.1817
5326.9307,7296.3544,34.5716,326.9307,2296.3544,-0.9674,2.5127,7.4002,2.0944
5336.6341,7303.0413,33.1130,336.6341,2303.0413,-0.9929,2.5458,7.3827,2.0071
5346.3945,7309.4071,31.6354,346.3945,2309.4071,-1.0187,2.5789,7.3653,1.9199
5356.2039,7315.4503,30.1389,356.2039,2315.4503,-1.0448,2.6119,7.3478,1.8326
5366.0541,7321.1692,28.6234,366.0541,2321.1692,-1.0712,2.6450,7.3304,1.7453
5375.9368,7326.5626,27.0890,375.9368,2326.5626,-1.0980,2.6781,7.3129,1.6581
5385.8433,7331.6296,25.5356,385.8433,2331.6296,-1.1251,2.7111,7.2955,1.5708
5395.7650,7336.3696,23.9633,395.7650,2336.3696,-1.1526,2.7442,7.2780,1.4835
5405.6928,7340.7822,22.3721,405.6928,2340.7822,-1.1803,2.7772,7.2606,1.3963
5415.6179,7344.8673,20.7619,415.6179,2344.8673,-1.2084,2.8103,7.2431,1.3090
5425.5309,7348.6254,19.1328,425.5309,2348.6254,-1.2369,2.8434,7.2257,1.2217
5435.4226,7352.0570,17.4847,435.4226,2352.0570,-1.2656,2.8764,7.2082,1.1345
5445.2836,7355.1633,15.8177,445.2836,2355.1633,-1.2947,2.9095,7.1908,1.0472
5455.1043,7357.9455,14.1317,455.1043,2357.9455,-1.3242,2.9426,7.1733,0.9599
5464.8752,7360.4055,12.4268,464.8752,2360.4055,-1.3539,2.9756,7.1558,0.8727
5474.5865,7362.5455,10.7029,474.5865,2362.5455,-1.3840,3.0087,7.1384,0.7854
5484.2288,7364.3679,8.9602,484.2288,2364.3679,-1.4144,3.0417,7.1209,0.6981
5493.7921,7365.8758,7.1984,493.7921,2365.8758,-1.4452,3.0748,7.1035,0.6109
5503.2670,7367.0725,5.4177,503.2670,2367.0725,-1.4762,3.1079,7.0860,0.5236
5512.6436,7367.9617,3.6181,512.6436,2367.9617,-1.5076,3.1409,7.0686,0.4363
5521.9123,7368.5478,1.7995,521.9123,2368.5478,-1.5394,3.1740,7.0511,0.3491
5531.0636,7368.8353,-0.0380,531.0636,2368.8353,-1.5715,3.2071,7.0337,0.2618
5540.0880,7368.8294,-1.8944,540.0880,2368.8294,-1.6039,3.2401,7.0162,0.1745
5548.9761,7368.5354,-3.7698,548.9761,2368.5354,-1.6366,3.2732,6.9988,0.0873
5557.7187,7367.9593,-5.6642,557.7187,2367.9593,-1.6697,3.3062,6.9813,0.0000
5566.4811,7367.0903,-7.5395,566.4811,2367.0903,-1.7024,3.2732,6.9639,0.0524
5575.2537,7365.9292,-9.3960,575.2537,2365.9292,-1.7348,3.2401,6.9464,0.1047
5584.0274,7364.4773,-11.2335,584.0274,2364.4773,-1.7669,3.2071,6.9290,0.1571
5592.7930,7362.7364,-13.0521,592.7930,2362.7364,-1.7986,3.1740,6.9115,0.2094
5601.5416,7360.7082,-14.8517,601.5416,2360.7082,-1.8300,3.1409,6.8941,0.2618
5610.2645,7358.3951,-16.6324,610.2645,2358.3951,-1.8611,3.1079,6.8766,0.3142
5618.9533,7355.7995,-18.3941,618.9533,2355.7995,-1.8918,3.0748,6.8591,0.3665
5627.5997,7352.9242,-20.1369,627.5997,2352.9242,-1.9223,3.0417,6.8417,0.4189
5636.1959,7349.7722,-21.8608,636.1959,2349.7722,-1.9523,3.0087,6.8242,0.4712
5644.7340,7346.3467,-23.5657,644.7340,2346.3467,-1.9821,2.9756,6.8068,0.5236
5653.2065,7342.6511,-25.2516,653.2065,2342.6511,-2.0115,2.9426,6.7893,0.5760
5661.6063,7338.6893,-26.9186,661.6063,2338.6893,-2.0406,2.9095,6.7719,0.6283
5669.9264,7334.4649,-28.5667,669.9264,2334.4649,-2.0694,2.8764,6.7544,0.6807
5678.1599,7329.9820,-30.1958,678.1599,2329.9820,-2.0978,2.8434,6.7370,0.7330
5686.3006,7325.2448,-31.8060,686.3006,2325.2448,-2.1259,2.8103,6.7195,0.7854
5694.3422,7320.2576,-33.3973,694.3422,2320.2576,-2.1537,2.7772,6.7021,0.8378
5702.2787,7315.0250,-34.9696,702.2787,2315.0250,-2.1811,2.7442,6.6846,0.8901
5710.1046,7309.5514,-36.5229,710.1046,2309.5514,-2.2082,2.7111,6.6672,0.9425
5717.8144,7303.8417,-38.0574,717.8144,2303.8417,-2.2350,2.6781,6.6497,0.9948
5725.4031,7297.9005,-39.5728,725.4031,2297.9005,-2.2615,2.6450,6.6323,1.0472
5732.8658,7291.7328,-41.0694,732.8658,2291.7328,-2.2876,2.6119,6.6148,1.0996
5740.1978,7285.3435,-42.5469,740.1978,2285.3435,-2.3134,2.5789,6.5973,1.1519
5747.3950,7278.7377,-44.0056,747.3950,2278.7377,-2.3388,2.5458,6.5799,1.2043
5754.4532,7271.9204,-45.4453,754.4532,2271.9204,-2.3640,2.5127,6.5624,1.2566
5761.3686,7264.8967,-46.8660,761.3686,2264.8967,-2.3888,2.4797,6.5450,1.3090
5768.1376,7257.6717,-48.2678,768.1376,2257.6717,-2.4132,2.4466,6.5275,1.3614
5774.7571,7250.2505,-49.6507,774.7571,2250.2505,-2.4374,2.4136,6.5101,1.4137
5781.2239,7242.6384,-51.0146,781.2239,2242.6384,-2.4612,2.3805,6.4926,1.4661
5787.5352,7234.8405,-52.3596,787.5352,2234.8405,-2.4846,2.3474,6.4752,1.5184
5793.6885,7226.8619,-53.6857,793.6885,2226.8619,-2.5078,2.3144,6.4577,1.5708
5799.6815,7218.7077,-54.9928,799.6815,2218.7077,-2.5306,2.2813,6.4403,1.6232
5805.5121,7210.3831,-56.2809,805.5121,2210.3831,-2.5531,2.2482,6.4228,1.6755
5811.1783,7201.8931,-57.5501,811.1783,2201.8931,-2.5752,2.2152,6.4054,1.7279
5816.6786,7193.2426,-58.8004,816.6786,2193.2426,-2.5971,2.1821,6.3879,1.7802
5822.0115,7184.4368,-60.0317,822.0115,2184.4368,-2.6185,2.1491,6.3705,1.8326
5827.1759,7175.4804,-61.2441,827.1759,2175.4804,-2.6397,2.1160,6.3530,1.8850
5832.1707,7166.3783,-62.4375,832.1707,2166.3783,-2.6605,2.0829,6.3355,1.9373
5836.9951,7157.1354,-63.6120,836.9951,2157.1354,-2.6810,2.0499,6.3181,1.9897
5841.6485,7147.7563,-64.7675,841.6485,2147.7563,-2.7012,2.0168,6.3006,2.0420
5846.1304,7138.2456,-65.9042,846.1304,2138.2456,-2.7210,1.9837,6.2832,2.0944
5850.4408,7128.6079,-67.0218,850.4408,2128.6079,-2.7405,1.9507,6.2657,2.1468
5854.5794,7118.8476,-68.1205,854.5794,2118.8476,-2.7597,1.9176,6.2483,2.1991
5858.5464,7108.9691,-69.2003,858.5464,2108.9691,-2.7786,1.8846,6.2308,2.2515
5862.3421,7098.9766,-70.2611,862.3421,2098.9766,-2.7971,1.8515,6.2134,2.3038
5865.9670,7088.8744,-71.3030,865.9670,2088.8744,-2.8153,1.8184,6.1959,2.3562
5869.4216,7078.6664,-72.3260,869.4216,2078.6664,-2.8331,1.7854,6.1785,2.4086
5872.7067,7068.3566,-73.3300,872.7067,2068.3566,-2.8506,1.7523,6.1610,2.4609
5875.8232,7057.9489,-74.3150,875.8232,2057.9489,-2.8678,1.7192,6.1436,2.5133
5878.7722,7047.4469,-75.2811,878.7722,2047.4469,-2.8847,1.6862,6.1261,2.5656
5881.5549,7036.8544,-76.2283,881.5549,2036.8544,-2.9012,1.6531,6.1087,2.6180
5884.1725,7026.1747,-77.1565,884.1725,2026.1747,-2.9174,1.6201,6.0912,2.6704
5886.6264,7015.4114,-78.0658,886.6264,2015.4114,-2.9333,1.5870,6.0737,2.7227
5888.9183,7004.5676,-78.9562,888.9183,2004.5676,-2.9488,1.5539,6.0563,2.7751
5891.0498,6993.6465,-79.8275,891.0498,1993.6465,-2.9640,1.5209,6.0388,2.8274
5893.0228,6982.6511,-80.6800,893.0228,1982.6511,-2.9789,1.4878,6.0214,2.8798
5894.8390,6971.5843,-81.5135,894.8390,1971.5843,-2.9935,1.4547,6.0039,2.9322
5896.5005,6960.4490,-82.3281,896.5005,1960.4490,-3.0077,1.4217,5.9865,2.9845
5898.0094,6949.2478,-83.1237,898.0094,1949.2478,-3.0216,1.3886,5.9690,3.0369
5899.3678,6937.9832,-83.9004,899.3678,1937.9832,-3.0351,1.3556,5.9516,3.0892
5900.5781,6926.6576,-84.6581,900.5781,1926.6576,-3.0484,1.3225,5.9341,3.1416
5901.6425,6915.2735,-85.3969,901.6425,1915.2735,-3.0613,1.2894,5.9167,3.1940
5902.5637,6903.8329,-86.1168,902.5637,1903.8329,-3.0738,1.2564,5.8992,3.2463
5903.3439,6892.3379,-86.8177,903.3439,1892.3379,-3.0861,1.2233,5.8818,3.2987
5903.9860,6880.7905,-87.4996,903.9860,1880.7905,-3.0980,1.1902,5.8643,3.3510
5904.4924,6869.1925,-88.1626,904.4924,1869.1925,-3.1095,1.1572,5.8469,3.4034
5904.8660,6857.5456,-88.8067,904.8660,1857.5456,-3.1208,1.1241,5.8294,3.4558
5905.1096,6845.8514,-89.4318,905.1096,1845.8514,-3.1317,1.0911,5.8119,3.5081
5905.2260,6834.1115,-90.0380,905.2260,1834.1115,-3.1423,1.0580,5.7945,3.5605
5905.2182,6822.3273,-90.6253,905.2182,1822.3273,-3.1525,1.0249,5.7770,3.6128
5905.0891,6810.4999,-91.1936,905.0891,1810.4999,-3.1624,0.9919,5.7596,3.6652
5904.8418,6798.6305,-91.7429,904.8418,1798.6305,-3.1720,0.9588,5.7421,3.7176
5904.4794,6786.7203,-92.2734,904.4794,1786.7203,-3.1813,0.9257,5.7247,3.7699
5904.0050,6774.7702,-92.7848,904.0050,1774.7702,-3.1902,0.8927,5.7072,3.8223
5903.4218,6762.7811,-93.2774,903.4218,1762.7811,-3.1988,0.8596,5.6898,3.8746
5902.7331,6750.7536,-93.7509,902.7331,1750.7536,-3.2071,0.8266,5.6723,3.9270
5901.9421,6738.6886,-94.2056,901.9421,1738.6886,-3.2150,0.7935,5.6549,3.9794
5901.0522,6726.5865,-94.6413,901.0522,1726.5865,-3.2226,0.7604,5.6374,4.0317
5900.0668,6714.4479,-95.0580,900.0668,1714.4479,-3.2299,0.7274,5.6200,4.0841
5898.9892,6702.2731,-95.4558,898.9892,1702.2731,-3.2368,0.6943,5.6025,4.1364
5897.8229,6690.0625,-95.8347,897.8229,1690.0625,-3.2434,0.6612,5.5851,4.1888
5896.5715,6677.8163,-96.1946,896.5715,1677.8163,-3.2497,0.6282,5.5676,4.2412
5895.2385,6665.5347,-96.5356,895.2385,1665.5347,-3.2557,0.5951,5.5501,4.2935
5893.8273,6653.2176,-96.8577,893.8273,1653.2176,-3.2613,0.5621,5.5327,4.3459
5892.3418,6640.8652,-97.1608,892.3418,1640.8652,-3.2666,0.5290,5.5152,4.3982
5890.7855,6628.4774,-97.4449,890.7855,1628.4774,-3.2715,0.4959,5.4978,4.4506
5889.1621,6616.0540,-97.7101,889.1621,1616.0540,-3.2762,0.4629,5.4803,4.5029
5887.4753,6603.5948,-97.9564,887.4753,1603.5948,-3.2805,0.4298,5.4629,4.5553
5885.7289,6591.0997,-98.1837,885.7289,1591.0997,-3.2844,0.3967,5.4454,4.6077
5883.9267,6578.5681,-98.3921,883.9267,1578.5681,-3.2881,0.3637,5.4280,4.6600
5882.0726,6565.9999,-98.5815,882.0726,1565.9999,-3.2914,0.3306,5.4105,4.7124
5880.1704,6553.3946,-98.7520,880.1704,1553.3946,-3.2943,0.2976,5.3931,4.7647
5878.2240,6540.7517,-98.9035,878.2240,1540.7517,-3.2970,0.2645,5.3756,4.8171
5876.2374,6528.0706,-99.0362,876.2374,1528.0706,-3.2993,0.2314,5.3582,4.8695
5874.2146,6515.3510,-99.1498,874.2146,1515.3510,-3.3013,0.1984,5.3407,4.9218
5872.1595,6502.5922,-99.2445,872.1595,1502.5922,-3.3029,0.1653,5.3233,4.9742
5870.0764,6489.7935,-99.3203,870.0764,1489.7935,-3.3043,0.1322,5.3058,5.0265
5867.9692,6476.9543,-99.3771,867.9692,1476.9543,-3.3053,0.0992,5.2883,5.0789
5865.8422,6464.0741,-99.4150,865.8422,1464.0741,-3.3059,0.0661,5.2709,5.1313
5863.6995,6451.1520,-99.4340,863.6995,1451.1520,-3.3062,0.0331,5.2534,5.1836
5861.5453,6438.1874,-99.4340,861.5453,1438.1874,-3.3062,0.0000,5.2360,5.2360
5859.3983,6425.2660,-99.4245,859.3983,1425.2660,-3.3061,-0.0165,5.2011,5.2360
5857.2606,6412.3875,-99.4055,857.2606,1412.3875,-3.3058,-0.0331,5.1662,5.2360
5855.1344,6399.5515,-99.3771,855.1344,1399.5515,-3.3053,-0.0496,5.1313,5.2360
5853.0216,6386.7577,-99.3392,853.0216,1386.7577,-3.3046,-0.0661,5.0964,5.2360
5850.9244,6374.0057,-99.2919,850.9244,1374.0057,-3.3038,-0.0827,5.0615,5.2360
5848.8449,6361.2952,-99.2351,848.8449,1361.2952,-3.3028,-0.0992,5.0265,5.2360
5846.7849,6348.6259,-99.1688,846.7849,1348.6259,-3.3016,-0.1157,4.9916,5.2360
5844.7466,6335.9975,-99.0930,844.7466,1335.9975,-3.3003,-0.1322,4.9567,5.2360
5842.7320,6323.4097,-99.0077,842.7320,1323.4097,-3.2988,-0.1488,4.9218,5.2360
5840.7429,6310.8621,-98.9130,840.7429,1310.8621,-3.2972,-0.1653,4.8869,5.2360
5838.7814,6298.3545,-98.8088,838.7814,1298.3545,-3.2953,-0.1818,4.8520,5.2360
5836.8493,6285.8867,-98.6952,836.8493,1285.8867,-3.2934,-0.1984,4.8171,5.2360
5834.9485,6273.4584,-98.5720,834.9485,1273.4584,-3.2912,-0.2149,4.7822,5.2360
5833.0810,6261.0693,-98.4394,833.0810,1261.0693,-3.2889,-0.2314,4.7473,5.2360
5831.2487,6248.7193,-98.2974,831.2487,1248.7193,-3.2864,-0.2480,4.7124,5.2360
5829.4532,6236.4081,-98.1458,829.4532,1236.4081,-3.2838,-0.2645,4.6775,5.2360
5827.6966,6224.1356,-97.9848,827.6966,1224.1356,-3.2810,-0.2810,4.6426,5.2360
5825.9805,6211.9016,-97.8143,825.9805,1211.9016,-3.2780,-0.2976,4.6077,5.2360
5824.3068,6199.7059,-97.6343,824.3068,1199.7059,-3.2748,-0.3141,4.5728,5.2360
5822.6773,6187.5485,-97.4449,822.6773,1187.5485,-3.2715,-0.3306,4.5379,5.2360
5821.0936,6175.4291,-97.2460,821.0936,1175.4291,-3.2681,-0.3472,4.5029,5.2360
5819.5575,6163.3478,-97.0376,819.5575,1163.3478,-3.2644,-0.3637,4.4680,5.2360
5818.0707,6151.3045,-96.8198,818.0707,1151.3045,-3.2606,-0.3802,4.4331,5.2360
5816.6350,6139.2991,-96.5925,816.6350,1139.2991,-3.2567,-0.3967,4.3982,5.2360
5815.2519,6127.3316,-96.3557,815.2519,1127.3316,-3.2525,-0.4133,4.3633,5.2360
5813.9231,6115.4021,-96.1094,813.9231,1115.4021,-3.2482,-0.4298,4.3284,5.2360
5812.6503,6103.5105,-95.8537,812.6503,1103.5105,-3.2438,-0.4463,4.2935,5.2360
5811.4350,6091.6569,-95.5885,811.4350,1091.6569,-3.2391,-0.4629,4.2586,5.2360
5810.2789,6079.8414,-95.3138,810.2789,1079.8414,-3.2343,-0.4794,4.2237,5.2360
5809.1835,6068.0642,-95.0296,809.1835,1068.0642,-3.2294,-0.4959,4.1888,5.2360
5808.1504,6056.3253,-94.7360,808.1504,1056.3253,-3.2243,-0.5125,4.1539,5.2360
5807.1810,6044.6249,-94.4329,807.1810,1044.6249,-3.2190,-0.5290,4.1190,5.2360
5806.2770,6032.9632,-94.1203,806.2770,1032.9632,-3.2135,-0.5455,4.0841,5.2360
5805.4397,6021.3404,-93.7983,805.4397,1021.3404,-3.2079,-0.5621,4.0492,5.2360
5804.6707,6009.7569,-93.4668,804.6707,1009.7569,-3.2021,-0.5786,4.0143,5.2360
5803.9713,5998.2128,-93.1258,803.9713,998.2128,-3.1961,-0.5951,3.9794,5.2360
5803.3431,5986.7085,-92.7754,803.3431,986.7085,-3.1900,-0.6117,3.9444,5.2360
5802.7873,5975.2443,-92.4154,802.7873,975.2443,-3.1837,-0.6282,3.9095,5.2360
5802.3055,5963.8207,-92.0460,802.3055,963.8207,-3.1773,-0.6447,3.8746,5.2360
5801.8988,5952.4379,-91.6672,801.8988,952.4379,-3.1707,-0.6612,3.8397,5.2360
5801.5687,5941.0965,-91.2788,801.5687,941.0965,-3.1639,-0.6778,3.8048,5.2360
5801.3165,5929.7969,-90.8810,801.3165,929.7969,-3.1570,-0.6943,3.7699,5.2360
5801.1433,5918.5396,-90.4737,801.1433,918.5396,-3.1499,-0.7108,3.7350,5.2360
5801.0506,5907.3252,-90.0570,801.0506,907.3252,-3.1426,-0.7274,3.7001,5.2360
5801.0395,5896.1543,-89.6308,801.0395,896.1543,-3.1351,-0.7439,3.6652,5.2360
5801.1112,5885.0273,-89.1951,801.1112,885.0273,-3.1275,-0.7604,3.6303,5.2360
5801.2669,5873.9450,-88.7499,801.2669,873.9450,-3.1198,-0.7770,3.5954,5.2360
5801.5078,5862.9081,-88.2952,801.5078,862.9081,-3.1118,-0.7935,3.5605,5.2360
5801.8349,5851.9172,-87.8311,801.8349,851.9172,-3.1037,-0.8100,3.5256,5.2360
5802.2494,5840.9731,-87.3575,802.2494,840.9731,-3.0955,-0.8266,3.4907,5.2360
5802.7523,5830.0766,-86.8745,802.7523,830.0766,-3.0870,-0.8431,3.4558,5.2360
5803.3446,5819.2284,-86.3820,803.3446,819.2284,-3.0784,-0.8596,3.4208,5.2360
5804.0274,5808.4295,-85.8800,804.0274,808.4295,-3.0697,-0.8762,3.3859,5.2360
5804.8017,5797.6806,-85.3685,804.8017,797.6806,-3.0608,-0.8927,3.3510,5.2360
5805.6684,5786.9828,-84.8475,805.6684,786.9828,-3.0517,-0.9092,3.3161,5.2360
5806.6283,5776.3369,-84.3171,806.6283,776.3369,-3.0424,-0.9257,3.2812,5.2360
5807.6824,5765.7439,-83.7772,807.6824,765.7439,-3.0330,-0.9423,3.2463,5.2360
5808.8316,5755.2049,-83.2279,808.8316,755.2049,-3.0234,-0.9588,3.2114,5.2360
5810.0765,5744.7209,-82.6691,810.0765,744.7209,-3.0136,-0.9753,3.1765,5.2360
5811.4181,5734.2930,-82.1008,811.4181,734.2930,-3.0037,-0.9919,3.1416,5.2360
5812.8570,5723.9222,-81.5230,812.8570,723.9222,-2.9936,-1.0084,3.1067,5.2360
5814.3940,5713.6099,-80.9357,814.3940,713.6099,-2.9834,-1.0249,3.0718,5.2360
5816.0296,5703.3571,-80.3390,816.0296,703.3571,-2.9730,-1.0415,3.0369,5.2360
5817.7647,5693.1651,-79.7328,817.7647,693.1651,-2.9624,-1.0580,3.0020,5.2360
5819.5996,5683.0351,-79.1172,819.5996,683.0351,-2.9517,-1.0745,2.9671,5.2360
5821.5350,5672.9685,-78.4920,821.5350,672.9685,-2.9407,-1.0911,2.9322,5.2360
5823.5714,5662.9665,-77.8574,823.5714,662.9665,-2.9297,-1.1076,2.8972,5.2360
5825.7092,5653.0304,-77.2134,825.7092,653.0304,-2.9184,-1.1241,2.8623,5.2360
5827.9489,5643.1618,-76.5598,827.9489,643.1618,-2.9070,-1.1407,2.8274,5.2360
5830.2908,5633.3620,-75.8968,830.2908,633.3620,-2.8954,-1.1572,2.7925,5.2360
5832.7353,5623.6324,-75.2243,832.7353,623.6324,-2.8837,-1.1737,2.7576,5.2360
5835.2826,5613.9745,-74.5423,835.2826,613.9745,-2.8718,-1.1902,2.7227,5.2360
5837.9331,5604.3898,-73.8509,837.9331,604.3898,-2.8597,-1.2068,2.6878,5.2360
5840.6868,5594.8800,-73.1500,840.6868,594.8800,-2.8475,-1.2233,2.6529,5.2360
5843.5439,5585.4464,-72.4396,843.5439,585.4464,-2.8351,-1.2398,2.6180,5.2360
5846.5046,5576.0907,-71.7198,846.5046,576.0907,-2.8225,-1.2564,2.5831,5.2360
5849.5688,5566.8146,-70.9905,849.5688,566.8146,-2.8098,-1.2729,2.5482,5.2360
5852.7366,5557.6197,-70.2517,852.7366,557.6197,-2.7969,-1.2894,2.5133,5.2360
5856.0079,5548.5076,-69.5034,856.0079,548.5076,-2.7839,-1.3060,2.4784,5.2360
5859.3825,5539.4800,-68.7457,859.3825,539.4800,-2.7706,-1.3225,2.4435,5.2360
5862.8604,5530.5387,-67.9785,862.8604,530.5387,-2.7572,-1.3390,2.4086,5.2360
5866.4413,5521.6853,-67.2018,866.4413,521.6853,-2.7437,-1.3556,2.3736,5.2360
5870.1248,5512.9217,-66.4156,870.1248,512.9217,-2.7300,-1.3721,2.3387,5.2360
5873.9108,5504.2496,-65.6200,873.9108,504.2496,-2.7161,-1.3886,2.3038,5.2360
5877.7987,5495.6708,-64.8149,877.7987,495.6708,-2.7020,-1.4052,2.2689,5.2360
5881.7881,5487.1872,-64.0003,881.7881,487.1872,-2.6878,-1.4217,2.2340,5.2360
5885.8785,5478.8004,-63.1763,885.8785,478.8004,-2.6734,-1.4382,2.1991,5.2360
5890.0693,5470.5125,-62.3428,890.0693,470.5125,-2.6589,-1.4547,2.1642,5.2360
5894.3600,5462.3252,-61.4998,894.3600,462.3252,-2.6442,-1.4713,2.1293,5.2360
5898.7497,5454.2404,-60.6474,898.7497,454.2404,-2.6293,-1.4878,2.0944,5.2360
5903.2377,5446.2601,-59.7854,903.2377,446.2601,-2.6142,-1.5043,2.0595,5.2360
5907.8232,5438.3859,-58.9140,907.8232,438.3859,-2.5990,-1.5209,2.0246,5.2360
5912.5054,5430.6200,-58.0332,912.5054,430.6200,-2.5837,-1.5374,1.9897,5.2360
5917.2831,5422.9641,-57.1428,917.2831,422.9641,-2.5681,-1.5539,1.9548,5.2360
5922.1555,5415.4202,-56.2430,922.1555,415.4202,-2.5524,-1.5705,1.9199,5.2360
5927.1214,5407.9901,-55.3337,927.1214,407.9901,-2.5366,-1.5870,1.8850,5.2360
5932.1797,5400.6758,-54.4150,932.1797,400.6758,-2.5205,-1.6035,1.8500,5.2360
5937.3291,5393.4792,-53.4868,937.3291,393.4792,-2.5043,-1.6201,1.8151,5.2360
5942.5684,5386.4022,-52.5491,942.5684,386.4022,-2.4880,-1.6366,1.7802,5.2360
5947.8962,5379.4466,-51.6019,947.8962,379.4466,-2.4714,-1.6531,1.7453,5.2360
5953.2837,5372.6487,-50.6642,953.2837,372.6487,-2.4551,-1.6366,1.7279,5.1836
5958.7263,5366.0077,-49.7360,958.7263,366.0077,-2.4389,-1.6201,1.7104,5.1313
5964.2191,5359.5225,-48.8172,964.2191,359.5225,-2.4228,-1.6035,1.6930,5.0789
5969.7575,5353.1922,-47.9079,969.7575,353.1922,-2.4069,-1.5870,1.6755,5.0265
5975.3369,5347.0156,-47.0081,975.3369,347.0156,-2.3912,-1.5705,1.6581,4.9742
5980.9529,5340.9915,-46.1178,980.9529,340.9915,-2.3757,-1.5539,1.6406,4.9218
5986.6011,5335.1185,-45.2369,986.6011,335.1185,-2.3603,-1.5374,1.6232,4.8695
5992.2772,5329.3953,-44.3655,992.2772,329.3953,-2.3451,-1.5209,1.6057,4.8171
5997.9771,5323.8203,-43.5036,997.9771,323.8203,-2.3301,-1.5043,1.5882,4.7647
6003.6966,5318.3920,-42.6511,1003.6966,318.3920,-2.3152,-1.4878,1.5708,4.7124
6009.4318,5313.1087,-41.8082,1009.4318,313.1087,-2.3005,-1.4713,1.5533,4.6600
6015.1788,5307.9688,-40.9746,1015.1788,307.9688,-2.2859,-1.4547,1.5359,4.6077
6020.9338,5302.9705,-40.1506,1020.9338,302.9705,-2.2716,-1.4382,1.5184,4.5553
6026.6932,5298.1120,-39.3360,1026.6932,298.1120,-2.2573,-1.4217,1.5010,4.5029
6032.4532,5293.3914,-38.5309,1032.4532,293.3914,-2.2433,-1.4052,1.4835,4.4506
6038.2105,5288.8068,-37.7353,1038.2105,288.8068,-2.2294,-1.3886,1.4661,4.3982
6043.9616,5284.3562,-36.9492,1043.9616,284.3562,-2.2157,-1.3721,1.4486,4.3459
6049.7033,5280.0375,-36.1725,1049.7033,280.0375,-2.2021,-1.3556,1.4312,4.2935
6055.4321,5275.8488,-35.4053,1055.4321,275.8488,-2.1887,-1.3390,1.4137,4.2412
6061.1452,5271.7880,-34.6475,1061.1452,271.7880,-2.1755,-1.3225,1.3963,4.1888
6066.8394,5267.8529,-33.8993,1066.8394,267.8529,-2.1625,-1.3060,1.3788,4.1364
6072.5117,5264.0413,-33.1605,1072.5117,264.0413,-2.1496,-1.2894,1.3614,4.0841
6078.1594,5260.3511,-32.4312,1078.1594,260.3511,-2.1368,-1.2729,1.3439,4.0317
6083.7797,5256.7801,-31.7113,1083.7797,256.7801,-2.1243,-1.2564,1.3265,3.9794
6089.3698,5253.3260,-31.0009,1089.3698,253.3260,-2.1119,-1.2398,1.3090,3.9270
6094.9273,5249.9867,-30.3000,1094.9273,249.9867,-2.0996,-1.2233,1.2915,3.8746
6100.4495,5246.7597,-29.6086,1100.4495,246.7597,-2.0876,-1.2068,1.2741,3.8223
6105.9341,5243.6430,-28.9266,1105.9341,243.6430,-2.0757,-1.1902,1.2566,3.7699
6111.3787,5240.6341,-28.2542,1111.3787,240.6341,-2.0639,-1.1737,1.2392,3.7176
6116.7810,5237.7308,-27.5911,1116.7810,237.7308,-2.0524,-1.1572,1.2217,3.6652
6122.1390,5234.9308,-26.9376,1122.1390,234.9308,-2.0409,-1.1407,1.2043,3.6128
6127.4504,5232.2317,-26.2935,1127.4504,232.2317,-2.0297,-1.1241,1.1868,3.5605
6132.7133,5229.6314,-25.6589,1132.7133,229.6314,-2.0186,-1.1076,1.1694,3.5081
6137.9257,5227.1274,-25.0338,1137.9257,227.1274,-2.0077,-1.0911,1.1519,3.4558
6143.0857,5224.7176,-24.4181,1143.0857,224.7176,-1.9970,-1.0745,1.1345,3.4034
6148.1915,5222.3995,-23.8119,1148.1915,222.3995,-1.9864,-1.0580,1.1170,3.3510
6153.2414,5220.1710,-23.2152,1153.2414,220.1710,-1.9760,-1.0415,1.0996,3.2987
6158.2338,5218.0297,-22.6280,1158.2338,218.0297,-1.9657,-1.0249,1.0821,3.2463
6163.1669,5215.9734,-22.0502,1163.1669,215.9734,-1.9556,-1.0084,1.0647,3.1940
6168.0393,5213.9999,-21.4819,1168.0393,213.9999,-1.9457,-0.9919,1.0472,3.1416
6172.8495,5212.1068,-20.9231,1172.8495,212.1068,-1.9360,-0.9753,1.0297,3.0892
6177.5962,5210.2921,-20.3737,1177.5962,210.2921,-1.9264,-0.9588,1.0123,3.0369
6182.2778,5208.5534,-19.8338,1182.2778,208.5534,-1.9170,-0.9423,0.9948,2.9845
6186.8932,5206.8887,-19.3034,1186.8932,206.8887,-1.9077,-0.9257,0.9774,2.9322
6191.4412,5205.2957,-18.7825,1191.4412,205.2957,-1.8986,-0.9092,0.9599,2.8798
6195.9205,5203.7724,-18.2710,1195.9205,203.7724,-1.8897,-0.8927,0.9425,2.8274
6200.3300,5202.3166,-17.7690,1200.3300,202.3166,-1.8809,-0.8762,0.9250,2.7751
6204.6686,5200.9262,-17.2765,1204.6686,200.9262,-1.8723,-0.8596,0.9076,2.7227
6208.9354,5199.5991,-16.7934,1208.9354,199.5991,-1.8639,-0.8431,0.8901,2.6704
6213.1294,5198.3334,-16.3198,1213.1294,198.3334,-1.8556,-0.8266,0.8727,2.6180
6217.2496,5197.1271,-15.8557,1217.2496,197.1271,-1.8475,-0.8100,0.8552,2.5656
6221.2951,5195.9780,-15.4011,1221.2951,195.9780,-1.8396,-0.7935,0.8378,2.5133
6225.2652,5194.8844,-14.9559,1225.2652,194.8844,-1.8318,-0.7770,0.8203,2.4609
6229.1589,5193.8443,-14.5202,1229.1589,193.8443,-1.8242,-0.7604,0.8029,2.4086
6232.9757,5192.8558,-14.0940,1232.9757,192.8558,-1.8168,-0.7439,0.7854,2.3562
6236.7148,5191.9170,-13.6772,1236.7148,191.9170,-1.8095,-0.7274,0.7679,2.3038
6240.3754,5191.0262,-13.2699,1240.3754,191.0262,-1.8024,-0.7108,0.7505,2.2515
6243.9570,5190.1815,-12.8721,1243.9570,190.1815,-1.7955,-0.6943,0.7330,2.1991
6247.4589,5189.3813,-12.4838,1247.4589,189.3813,-1.7887,-0.6778,0.7156,2.1468
6250.8807,5188.6237,-12.1049,1250.8807,188.6237,-1.7821,-0.6612,0.6981,2.0944
6254.2217,5187.9071,-11.7355,1254.2217,187.9071,-1.7756,-0.6447,0.6807,2.0420
6257.4815,5187.2300,-11.3756,1257.4815,187.2300,-1.7693,-0.6282,0.6632,1.9897
6260.6596,5186.5906,-11.0251,1260.6596,186.5906,-1.7632,-0.6117,0.6458,1.9373
6263.7556,5185.9874,-10.6842,1263.7556,185.9874,-1.7573,-0.5951,0.6283,1.8850
6266.7690,5185.4188,-10.3526,1266.7690,185.4188,-1.7515,-0.5786,0.6109,1.8326
6269.6994,5184.8835,-10.0306,1269.6994,184.8835,-1.7459,-0.5621,0.5934,1.7802
6272.5465,5184.3799,-9.7180,1272.5465,184.3799,-1.7404,-0.5455,0.5760,1.7279
6275.3100,5183.9067,-9.4149,1275.3100,183.9067,-1.7351,-0.5290,0.5585,1.6755
6277.9895,5183.4623,-9.1213,1277.9895,183.4623,-1.7300,-0.5125,0.5411,1.6232
6280.5847,5183.0457,-8.8372,1280.5847,183.0457,-1.7250,-0.4959,0.5236,1.5708
6283.0954,5182.6553,-8.5625,1283.0954,182.6553,-1.7202,-0.4794,0.5061,1.5184
6285.5213,5182.2901,-8.2973,1285.5213,182.2901,-1.7156,-0.4629,0.4887,1.4661
6287.8621,5181.9487,-8.0415,1287.8621,181.9487,-1.7111,-0.4463,0.4712,1.4137
6290.1177,5181.6300,-7.7953,1290.1177,181.6300,-1.7068,-0.4298,0.4538,1.3614
6292.2879,5181.3329,-7.5585,1292.2879,181.3329,-1.7027,-0.4133,0.4363,1.3090
6294.3724,5181.0563,-7.3312,1294.3724,181.0563,-1.6987,-0.3967,0.4189,1.2566
6296.3711,5180.7992,-7.1133,1296.3711,180.7992,-1.6949,-0.3802,0.4014,1.2043
6298.2838,5180.5605,-6.9049,1298.2838,180.5605,-1.6913,-0.3637,0.3840,1.1519
6300.1103,5180.3393,-6.7060,1300.1103,180.3393,-1.6878,-0.3472,0.3665,1.0996
6301.8507,5180.1347,-6.5166,1301.8507,180.1347,-1.6845,-0.3306,0.3491,1.0472
6303.5046,5179.9457,-6.3366,1303.5046,179.9457,-1.6814,-0.3141,0.3316,0.9948
6305.0721,5179.7717,-6.1662,1305.0721,179.7717,-1.6784,-0.2976,0.3142,0.9425
6306.5529,5179.6117,-6.0051,1306.5529,179.6117,-1.6756,-0.2810,0.2967,0.8901
6307.9471,5179.4650,-5.8536,1307.9471,179.4650,-1.6730,-0.2645,0.2793,0.8378
6309.2544,5179.3310,-5.7115,1309.2544,179.3310,-1.6705,-0.2480,0.2618,0.7854
6310.4750,5179.2089,-5.5789,1310.4750,179.2089,-1.6682,-0.2314,0.2443,0.7330
6311.6086,5179.0982,-5.4558,1311.6086,179.0982,-1.6660,-0.2149,0.2269,0.6807
6312.6552,5178.9982,-5.3421,1312.6552,178.9982,-1.6640,-0.1984,0.2094,0.6283
6313.6148,5178.9085,-5.2379,1313.6148,178.9085,-1.6622,-0.1818,0.1920,0.5760
6314.4873,5178.8285,-5.1432,1314.4873,178.8285,-1.6606,-0.1653,0.1745,0.5236
6315.2726,5178.7578,-5.0580,1315.2726,178.7578,-1.6591,-0.1488,0.1571,0.4712
6315.9708,5178.6960,-4.9822,1315.9708,178.6960,-1.6578,-0.1322,0.1396,0.4189
6316.5818,5178.6428,-4.9159,1316.5818,178.6428,-1.6566,-0.1157,0.1222,0.3665
6317.1056,5178.5977,-4.8591,1317.1056,178.5977,-1.6556,-0.0992,0.1047,0.3142
6317.5421,5178.5606,-4.8117,1317.5421,178.5606,-1.6548,-0.0827,0.0873,0.2618
6317.8913,5178.5312,-4.7738,1317.8913,178.5312,-1.6541,-0.0661,0.0698,0.2094
6318.1533,5178.5093,-4.7454,1318.1533,178.5093,-1.6536,-0.0496,0.0524,0.1571
6318.3279,5178.4948,-4.7265,1318.3279,178.4948,-1.6533,-0.0331,0.0349,0.1047
6318.4152,5178.4876,-4.7170,1318.4152,178.4876,-1.6531,-0.0165,0.0175,0.0524
6318.4152,5178.4876,-4.7170,1318.4152,178.4876,-1.6531,0.0000,0.0000,0.0000
